{"LS8BIFDGoAeSagbnD02VFQ==":"portfolio%20header%20bg%20pic-1280x720.png","mW2EXcKusE7pft1GWnEtsg==":"akin%20passport-1757x1757.jpg","e5gvx3c/L3l5Ey6+Y+3/UQ==":"logo-80x80.png","EXzY2WaYwlKd2+mC1J1zvA==":"blackcopper%20featured%20image-506x380.png","QFC0ZuvOjZc5kjqP/0px3Q==":"blackcopper%20featured%20image-2000x1500.png","SefLHTm4Te56yexADPNz2Q==":"bet%20across%20featured%20image-1600x1200.png","6LOZCgXWQ+c2hhhAd/CYHA==":"blackcopper%20featured%20image-1108x831.png","2VfpN7a5tCJZZ0TfTqkJ3Q==":"bet%20across%20featured%20image-1108x831.png","6cUmelzlCtZ2brj2JDdrXA==":"fidelity%20bank%20featured%20image-1108x831.png","AHkuNsrmnxLvzKYj4QEG5g==":"blackcopper%20featured%20image-1108x831.png","Y+PTqRowPXgsXQ2UlQSUXg==":"inter%20ad%20dribbble2-1108x831.png","//1Ca9WAMGawDbhj0z1xBw==":"inter%20ad%20dribbble-1108x831.png","64t71U2XWDM5r/FomWB2/w==":"opera-2000x1123.png","FR+1Tq022XuHWbOV/43p0g==":"blackcopper%20dribbble%20poster-754x566.png","+69rVT7VpiVFpqEzQ5nwAg==":"fidelity%20bank2-754x566.png","QivsMRLs69k9IT1CgzIm/w==":"bet%20across-754x566.png","dAqtME0iWUoHkOdxcjgkZQ==":"background1.jpg","+GShkUIWkxOmZM2ATyfbBg==":"background2.jpg","5lNImsgLjgha9j75j1e3fw==":"group%20622-891x1636.png","brgkNWKGee9ln11ruxsxsw==":"blackcopper%20featured%20image-1600x1200.png","PeMDxcK2GhyEQQvCHYjhBw==":"blackcopper%20featured%20image-1076x807.png","Do/5Vtt7Ney+6P9NeMQZ9g==":"inter%20ad%20dribbble-1076x807.png","xk9tPZwQmGwBtA9F4OGIQw==":"fidelity%20bank%20featured%20image-1076x807.png","7aJmnGO5uAWLzamnQC1oaQ==":"blackcopper%20featured%20image-696x522.png","5SnPuxhXUsYSpQQykERMEw==":"inter%20ad%20dribbble-696x522.png","ZpNMNTk74JGYfV04WqEErw==":"fidelity%20bank%20header-696x522.png","JLpUE8OX37worASq84tyZg==":"x%20-%2019-750x1624.png","yXVzNMIpz0FMQCqqWwicxA==":"x%20-%2019-750x1334.png","/IFDZ7iEvTIiBkkvIGFyLg==":"x%20-%2019-640x1136.png","Ki/YA3ImLq5PLJYAJtHftg==":"x%20-%2019-300x533.png","t4KQZLwq0STf7Af5UTLG9Q==":"bet%20across%20featured%20image-1076x807.png","LzmBdJp12t5vpQ51IUEbBA==":"blackcopper%20featured%20image-1012x759.png","pqkwPwG+5D4Ky3Gt/iWm6g==":"inter%20ad%20dribbble-1012x759.png","d9m40vYW8G/T6/11p8Oduw==":"bet%20across%20featured%20image-696x522.png","01Hh5O/+UJ2Dc+fJ9pe9lQ==":"inter%20ad%20dribbble-775x581.png","o0AnlXhNhvky+xT2jwKLZw==":"inter%20ad%20dribbble2-775x581.png","iyywEugPu8bJbQtN8lT3TA==":"blackcopper%20featured%20image-1600x1200.png","ogAV+sbMelmsvLCNkpvCUg==":"fidelity%20bank%20featured%20image-1600x1200.png","Ks1exSESyfhLjBJelyEaZg==":"group%20622-696x1278.png","+PoAxVcC8Qm9kIh30ld3CA==":"akin%20passport-1076x1076.jpg","+zxGJ55evStyKaBGSYUjrw==":"vivo-nex-3-2560x1440-colorful-android-10-abstract-4k-22417-2000x1125.jpg","f9v/uWgNzO+DiI6Gt4NjmA==":"blackcopper%20featured%20image-980x735.png","TANfzWmKTA7EK8AwVq/Vnw==":"bet%20across%20featured%20image-980x735.png","seFbEaEuu383DsPK69jE0w==":"inter%20ad%20dribbble-980x735.png","LwucBUIwaEL+ebfCeSaQqQ==":"blackcopper%20featured%20image-1108x831.png","eniFBGpCGO3VUVJx3K2eZw==":"fidelity%20bank%20featured%20image-1076x807.png","NPbrwyL66LBvP3kUDLmcaQ==":"bet%20across%20featured%20image-1076x807.png","4Xb55wEOpwCgs4XMiZlZ3A==":"inter%20ad%20featured%20image-1076x807.png","FjN/1fqOZOr/cSp1f4Wyyw==":"blackcopper%20featured%20image-1076x807.png","dbtEnLitGN+e/k7VwLH/7g==":"fidelity%20bank%20featured%20image-1076x807.png","MYJHg3ZWj2GLTrpdB0h43w==":"blackcopper%20featured%20image-1076x807.png","VTkqVJkxKP38wzkhHa10Cg==":"product3.jpg","oRykAiO0rUD++7AmPeEwUg==":"background1-1.jpg","s0knsBT8xHkML3rVZKDbVA==":"product2.jpg","D/iIyIVqyb6M8TDFishykg==":"logo-500x500.png","R61gCv/FXiTzt4Cv5PppnA==":"sporta-1076x807.png","Vb7GgbMoe0curpGYBParsg==":"background3.jpg","O0cyYPtN90Aj68+ymypzmw==":"blackcopper%20featured%20image-1076x807.png","XAL8QfSPkmgc8+2g/r0uHw==":"bet%20across%20featured%20image-1076x807.png","vdzpCsm3msO3IM+8OjXp/A==":"fidelity%20bank%20featured%20image-1076x807.png","geEcjAIh3rDpCVNLUss5zw==":"akin%20passport-1368x1368.jpg","CDg2Z8DYtiwh8XrpEWm+yw==":"featured%20image-1024x500.png","r3sUoAnJ6SODZpJs5rvRbw==":"blackcopper%20featured%20image-1600x1200.png","BxNZRHJvGTUbzrYDSWH+pw==":"blackcopper%20featured%20image-1600x1200.png","0xCyNbQ5nt6OGMY1wsfTyg==":"inter%20ad%20featured%20image-1600x1200.png","KtlroearwR0J96gi8oLIPg==":"fidelity%20bank%20featured%20image-1600x1200.png","ZfZ89Wt3+J+qIBKKgNOyYQ==":"bet%20across%20featured%20image-1600x1200.png","1Er0PEHvcBR3j+c0J79rsg==":"portfolio%20header%20bg%20pic-1076x605.png","DbibCkgnySCWjqJS4jS+8w==":"akin%20passport-1076x1076.jpeg","vyQTcIj3i6zXO7RiNEP/Mw==":"akin%20passport-1076x1076.jpeg","LwujZg3xRWhXVlJzyShPYQ==":"open%20market%20featured%20image-1076x807.png","ul3XRY7RIJGNZ+pZW3y73w==":"blackcopper%20featured%20image-1076x807.png","7wsbWF7iO8AfEr9sG9pf7w==":"fidelity%20bank%20featured%20image-1076x807.png","Y+/qaaMybyZzKvZSwj6Jgw==":"fidelity%20bank%20featured%20image-1076x807.png","iQGXQAT5ai1LWH0xOGNgiQ==":"logo-96x96.png","oi1vJ9ggNagSXitRoTe1aQ==":"open%20market%20featured%20image-1076x807.png","ymMh0msa0yRKCPxgTimMkg==":"group%20534-413x804.png","DflDnbjyvahk+nANRxB4Fw==":"group%20534-413x804.png","INjUzsmgxVmNG/azdXfH6Q==":"terapia-1600x1200.png","4wpcCnzs7YI0tGfGE0AAkQ==":"terapia-696x522.png","AGKcCiH1JEFmjAr+2lcr2g==":"dribbble%20shot%20-%201-800x600.png","Utog5ApuPbe5z68k2K8j7Q==":"blackcopper%20featured%20image-1355x1016.png","QTsP/mEC/54knAFXPeCKSQ==":"fidelity%20bank%20featured%20image-1355x1016.png","3Bij59641yHsl6VAA1eiRQ==":"open%20market%20featured%20image-1355x1016.png","bhefgn8U2vAX43w1N27kpQ==":"terapia-1355x1016.png","mWCeXgB2It/EgdVL7M1+5A==":"fidelity%20bank%20featured%20image-1355x1016.png","r35XAD+umCKnFdmniBnZVg==":"terapia-1-1355x1016.png","T4QIruww78iB/Jv6XfpZtA==":"fidelity%20bank%20featured%20image-1355x1016.png","ZNwVsiihgOcfrHdcj4S2jw==":"fidelity%20bank%20featured%20image-1355x1016.png","6Ta48X/n8JFVL+nHxrEwNA==":"terapia-2-1355x1016.png","C94r3AiDxJzqe0dVTcNtlg==":"fidelity%20bank%20featured%20image-1600x1200.png","OBvgavKi844zfQeqT2K8YA==":"dribbble%20shot%20hd%20-%201-1600x1200.png","HUy5Q7upEiS4BBathrikjw==":"fidelity%20bank%20featured%20image-1076x807.png","Mq3G07lF9Jo4cLE8TDWyRg==":"terapia-1076x807.png","7iFRi8UAXmta1bF+y/7C/w==":"blackcopper%20featured%20image-1076x807.png","/GINw4isrpGJbrPpiMaaxQ==":"blackcopper%20featured%20image-1076x807.png","uXmzqemiKJKWKhrsfxA5IQ==":"bet%20across%20featured%20image-1355x1016.png","5CNpXBOwaHySG1C3V980mw==":"fidelity%20bank%20featured%20image2%20(1)-1355x1016.png","4r9Qwu1B4wMmOZi5p1LArQ==":"steady%20profits-800x600.png","O3Ft+EL9u+DracnKlBQ3Nw==":"steady%20profit-800x600.png","NE5z91qbDlXcy8TK/EFetw==":"steady%20profit-800x600.png","L34gpDLh0ObSQJIDubfrZA==":"fidelity%20bank%20featured%20image2%20(1)-1355x1016.png","sg5jcCEiDTCroU5od+6yOQ==":"steady%20profit-800x600.png","/IRmGBS1oKItI0xe7VQpbA==":"gas%20firm-800x600.png","erK9PpnZn8EjYajyKBUJtw==":"blackcopper%20featured%20image-1600x1200.png","IOaID4YZiuDJyrjJcAeJvw==":"product2-2.jpg","9QeTngiyDJjCZvgWdFvbvA==":"product3-4.jpg","XYj70/7vh+JHQ7sorWxJjA==":"product1-5.jpg","nMDoUo52WQLsH3uGOUHMFg==":"background4-3.jpg","ChykorHavCeESCiy3lasnQ==":"background5-6.jpg","MfBVx4pFnXrvNN1ii9eYaA==":"gift-habeshaw-blhlohhditi-unsplash-1920x2880.jpg","xuClZ+giFQWGtEHDuSjODA==":"fidelity%20bank%20featured%20image2-1600x1200.png","cPFospbDAPXu/VJrWbsTkg==":"fidelity%20bank%20featured%20image2-903x677.png","UaYJdLSTB5wr/eZngLNeaA==":"open%20market%20featured%20image-903x677.png","T7G5jgSBg01KWOgFh3vKUw==":"fidelity%20bank%20featured%20image2%20(1)-775x581.png","cMBBsHuSHJRcdR8Vule9iQ==":"fidelity%20bank%20featured%20image1-775x581.png","uFaqXew2e7x8y+AMJtWZJQ==":"fidelity%20bank%20featured%20image1-903x677.png","dsvtAmxcpj8YYeJC2prPtg==":"iphone%2011%20pro%20max%20-%201-414x896.png","bP++sI4gOtknCoAeye2mWg==":"iphone%2011%20pro%20max%20-%201-375x667.png","5moSzAeKmf8VevrhFeVA6Q==":"iphone%208%20-%202-375x667.png","yFXnFZfXeTs/4c6Z76ssdA==":"iphone%208%20-%203-375x667.png","4SNy6SC0iaYVPElGWIRwwA==":"iphone%208%20-%201-750x1334.png","zqF6NDw0FMgvMRW0WKgZag==":"iphone%208%20-%203-750x1334.png","t5twpfCKfkLyokf78pUt0g==":"iphone%208%20-%203-750x1334.png","HISICMtPVwnn9OPdvemc6A==":"iphone%208%20-%202-750x1334.png","FkM+BY+rIkCxh5JVnrsifA==":"gas%20firm%20featured-750x1334.png","gHtBt+dgaaCdC8QJa87/zQ==":"gas%20firm%20featured-750x1334.png","HCA+D1phA0Q1bB4YpBWpoA==":"iphone%208%20-%205-750x1334.png","9UT9caITh2M3LMYA1ZYeXg==":"background2-1.jpg","E/WPqbHB8+EaRg3KUsOSYA==":"background2-2.jpg","WSX3N3G+CO5+897Qne58aA==":"background.jpg","v5JxuJjjHjQ3oCrzA57o5A==":"gas%20firm%20full-727x1707.png","liHY6QILR3sZeVEB+/J4Mw==":"gas%20firm%20full-1452x3413.png","36krkudhElEuW2I/zQkdAA==":"gas%20firm%20full-1146x3106.png","uejzcGRmzwPfoCLFnHAzyw==":"bc%20full-1440x4264.png","zXcBJPDcZK2s2w8e8Hr8iA==":"open%20market%20featured%20image-1600x1200.png","AqCfvDekqyNgY8c4iqflDw==":"background15.jpg","UiHXKNbTr+fSzEAYvSg3lA==":"conference28-2.jpg","8gXT9vMcYsyclHmHui0j4g==":"conference__transparent-1.png","kdosIbGyrZBsgF98LbyJZg==":"noun_design-3719849-280x280.png","Kb5FbKwS3RzNMm+AqTrLSA==":"bet%20across%20full-1836x4123.png","kzRPsFhlZhsft9bcrK2g1g==":"open%20market%20full-1076x3632.png","L9MHj2pgifp9LHCAT0khcQ==":"open%20market%20full2-1076x2116.png","Caxqu4HTzQikU/2LZPZ89A==":"open%20market%20full-1440x4860.png","2vi/HJe8hhb+ZhzCt9Yjgw==":"open%20market%20full2-1440x2832.png","JJEsfUsGpqKa+EYqrOOqqQ==":"background8.jpg","6NRALXdxsGh11/O7EFxcfw==":"conference14-1.jpg","4yJsH4p4Mbi+OnwkdsgKsQ==":"background9.jpg","r7iJh8DWcpmaL9ULEk6TXw==":"bet%20across%20full-1440x3234.png","Al/RCq5ourdXXrjzcOnrYA==":"blackcopper%20featured%20image-1355x1016.png","hwvmyy43oS2bGTH8TR9TDw==":"fidelity%20bank%20featured%20image1-1355x1016.png","8zmw5W9U3YEDk5a5wTB5Bw==":"fidelity%20bank%20featured%20image-1355x1016.png","n/2jxqpTTknPKG+oBcVVGQ==":"akin%20logo-96x96.png","uigpY+gmiZgt2RVckzUA1A==":"akin%20logo-96x96.png","fFo/PdtB9WdMx75w291+mQ==":"easyprep%20homepage-1440x5099.png","hF0W6nOXCUBe1E+myNKY7w==":"firm15.jpg","G1H02Uh0tzjjiW6QyCf6dA==":"inter%20ad%20featured%20image-1600x1200.png","+ogLUWWNpGWBjbZqGelwtg==":"sporta-1600x1200.png","/x8t8myqWrX8bJEH2yHQeg==":"rena%20market-1600x1200.png","BU7TScooUL2O3YZAJlGcIg==":"human%20squad%20foudation-1600x1200.png","dg32YX0CuFI7k3cxWj55Mw==":"eran.ng-1600x1926.png","KVXcMYSIEa7BykLUXoOvIw==":"fidelity%20bank-1600x1200.png","C4xvd8GLhz2DNhuPD2mYUg==":"eran.ng-1600x1200.png","Rkv93S52WhdihuFbUDiw6w==":"fidelity%20bank%20featured%20image-926x695.png","IWv+qI3cgfKnpeJ2SymrOw==":"terapia-1421x1066.png","+0MVwwatntkDxwoJ0zhDiQ==":"fidelity%20bank%20featured%20image-1261x946.png","UDfg0Gk7lzchMZ/e2br9hA==":"fidelity%20bank%20portrait-750x1334.png","1l7rrjc1Ouy8gjtbniewng==":"fidelity%20bank%20portrait-750x1334.png","LoI1gwSwjjAwM6NrHmKPhg==":"inter%20ad%20featured%20image-1048x786.png","bL6yVqGjsdGUItoJH6uf8Q==":"fidelity%20bank%20featured%20image-1048x786.png","ydnoTAxWbUiRIMiX0Tbf6Q==":"sporta-1048x786.png","NV44EH72TKx9vYjAebaFvA==":"inter%20ad%20featured%20image-1600x1200.png","Y/nz/KbhQ3qUoDiXuv7uSA==":"blackcopper-featured-image-1600x1200-800x600.png","LbvRBpXbRAWmBIZoCFYiYA==":"inter-ad-featured-image-1600x1200-800x600.png","R40gdkeJZPTXQPwULm9iLg==":"profile%20page-1600x1200.png","LuJ6fFRAUDHnQYusDeE2Kg==":"fidelity-bank-1600x1200-800x600.png","zbCeRpAxqUWxFGJN59loEA==":"profile-page-1600x1200-800x600.png","AYMJT/vg7hAwm6tnbP2wCA==":"eran.ng-1600x1200-800x600.png"}